	zscore	H_statistic	H_pvalue	S0S2_pvalue	S0S3_pvalue	S0S4_pvalue	S0S1_pvalue
Gcnt1	-1.545872688293457	306.6159614861967	3.6799076472135893e-66	1.0	0.0008110973928450528	1.8122741212681735e-71	7.7208526606933e-06
Chil3	-1.5999449491500854	296.2101527425742	6.57629729939001e-64	1.0	7.452678596017469e-09	9.086900657452027e-65	7.027381871003917e-10
Ltb	-1.553268551826477	292.9667636682495	3.310546579578668e-63	1.0	7.004997004602748e-05	6.237081955825615e-65	8.590716678268889e-11
Rgs2	-1.695346713066101	177.89326978594875	2.514248291752917e-38	1.0	0.00041035600417256026	2.1007221612377114e-39	5.976468767309531e-05
Nt5e	-1.627157211303711	165.69154536523672	1.083243488032672e-35	1.0	0.003922471315768367	9.475929738181448e-38	0.003922471315768367
Rassf3	-1.7183001041412354	163.387309995659	3.404706934346125e-35	1.0	0.0014542078861052466	6.378402171616462e-37	0.002349608662768577
Nup153	-1.720981240272522	160.11465293007558	1.7313621269364015e-34	1.0	0.0010149838783780965	3.258555897635558e-36	0.005037715648410483
AI467606	-1.5701690912246704	102.98708721210832	3.541007269286276e-22	1.0	0.00318664515573392	4.123700120898253e-21	3.045015361889349e-05
B4galnt1	-1.6419566869735718	80.98648939432435	1.885472539449007e-17	1.0	0.0005823520832561018	6.425216675903877e-16	0.00026155766214821217
